No,Tanggal,ID Pasien,Diagnosis,Tindakan,Kontrol,Biaya (Rp)
1,2022-01-01,KX 1230123,Dehidrasi,Pemasangan infus,2022-01-04,265000
2,2023-08-11,KX 1230132,Masuk Angin,Vaksinasi,2023-08-14,240000
3,2023-09-03,KX 1230134,Dehidrasi,Cek gula darah,2023-09-06,165000
4,2023-11-01,KX 1230164,Dehidrasi,Vaksinasi,2023-11-04,240000
5,2023-03-20,KX 1230132,Keseleo,Cek gula darah,2023-03-23,165000
6,2022-09-10,KX 1230166,Pusing,Pemasangan infus,2022-09-13,265000
7,2022-10-17,KX 1230146,Dehidrasi,Pemasangan infus,2022-10-20,265000
8,2022-03-21,KX 1230136,Pusing,Pemasangan infus,2022-03-24,265000
9,2023-05-23,KX 1230155,Keseleo,Vaksinasi,2023-05-26,240000
10,2022-05-25,KX 1230131,Masuk Angin,Pengobatan,2022-05-28,290000
11,2022-04-10,KX 1230163,Dehidrasi,Pengobatan,2022-04-13,290000
12,2022-04-20,KX 1230140,Dehidrasi,Cek gula darah,2022-04-23,165000
13,2022-01-17,KX 1230140,Pusing,Cek gula darah,2022-01-20,165000
14,2023-04-09,KX 1230137,Masuk Angin,Vaksinasi,2023-04-12,240000
15,2023-08-03,KX 1230149,Masuk Angin,Cek gula darah,2023-08-06,165000
16,2022-08-19,KX 1230168,Masuk Angin,Pengobatan,2022-08-22,290000
17,2023-06-24,KX 1230164,Keseleo,Cek gula darah,2023-06-27,165000
18,2023-05-17,KX 1230133,Pusing,Vaksinasi,2023-05-20,240000
19,2022-09-27,KX 1230139,Dehidrasi,Cek gula darah,2022-09-30,165000
20,2022-12-04,KX 1230124,Keseleo,Cek gula darah,2022-12-07,165000
21,2023-09-03,KX 1230130,Dehidrasi,Pemasangan infus,2023-09-06,265000
22,2022-07-03,KX 1230160,Keseleo,Pengobatan,2022-07-06,290000
23,2022-12-26,KX 1230166,Masuk Angin,Vaksinasi,2022-12-29,240000
24,2022-05-21,KX 1230165,Keseleo,Pemasangan infus,2022-05-24,265000
25,2023-08-16,KX 1230169,Dehidrasi,Pemasangan infus,2023-08-19,265000
26,2023-08-08,KX 1230140,Masuk Angin,Pemasangan infus,2023-08-11,265000
27,2022-04-27,KX 1230148,Keseleo,Vaksinasi,2022-04-30,240000
28,2023-09-03,KX 1230147,Masuk Angin,Pemasangan infus,2023-09-06,265000
29,2022-08-18,KX 1230134,Keseleo,Vaksinasi,2022-08-21,240000
30,2023-09-03,KX 1230143,Masuk Angin,Cek gula darah,2023-09-06,165000
31,2023-04-07,KX 1230156,Dehidrasi,Pengobatan,2023-04-10,290000
32,2022-07-21,KX 1230166,Dehidrasi,Pengobatan,2022-07-24,290000
33,2023-09-27,KX 1230147,Dehidrasi,Cek gula darah,2023-09-30,165000
34,2023-01-10,KX 1230123,Dehidrasi,Vaksinasi,2023-01-13,240000
35,2022-01-24,KX 1230156,Masuk Angin,Pengobatan,2022-01-27,290000
36,2023-09-12,KX 1230146,Pusing,Pemasangan infus,2023-09-15,265000
37,2023-05-14,KX 1230142,Pusing,Vaksinasi,2023-05-17,240000
38,2022-03-06,KX 1230135,Dehidrasi,Pengobatan,2022-03-09,290000
39,2023-06-13,KX 1230144,Dehidrasi,Cek gula darah,2023-06-16,165000
40,2022-10-11,KX 1230135,Keseleo,Pemasangan infus,2022-10-14,265000
41,2022-10-14,KX 1230170,Dehidrasi,Pengobatan,2022-10-17,290000
42,2022-05-24,KX 1230153,Masuk Angin,Cek gula darah,2022-05-27,165000
43,2022-01-13,KX 1230158,Dehidrasi,Vaksinasi,2022-01-16,240000
44,2022-12-18,KX 1230141,Keseleo,Vaksinasi,2022-12-21,240000
45,2022-12-06,KX 1230156,Keseleo,Pemasangan infus,2022-12-09,265000
46,2023-08-08,KX 1230161,Masuk Angin,Pemasangan infus,2023-08-11,265000
47,2022-07-25,KX 1230165,Keseleo,Pengobatan,2022-07-28,290000
48,2023-01-22,KX 1230154,Keseleo,Vaksinasi,2023-01-25,240000
49,2023-10-11,KX 1230129,Masuk Angin,Pengobatan,2023-10-14,290000
50,2023-01-27,KX 1230147,Pusing,Pengobatan,2023-01-30,290000
51,2023-05-17,KX 1230166,Masuk Angin,Cek gula darah,2023-05-20,165000
52,2022-07-02,KX 1230129,Masuk Angin,Pemasangan infus,2022-07-05,265000
53,2023-09-25,KX 1230155,Keseleo,Vaksinasi,2023-09-28,240000
54,2022-12-16,KX 1230165,Pusing,Cek gula darah,2022-12-19,165000
55,2022-09-19,KX 1230145,Keseleo,Vaksinasi,2022-09-22,240000
56,2023-12-04,KX 1230161,Dehidrasi,Pengobatan,2023-12-07,290000
57,2023-05-09,KX 1230151,Dehidrasi,Pengobatan,2023-05-12,290000
58,2022-11-11,KX 1230150,Masuk Angin,Vaksinasi,2022-11-14,240000
59,2022-01-22,KX 1230161,Dehidrasi,Cek gula darah,2022-01-25,165000
60,2022-09-09,KX 1230166,Dehidrasi,Pemasangan infus,2022-09-12,265000
61,2023-09-06,KX 1230169,Pusing,Vaksinasi,2023-09-09,240000
62,2023-12-20,KX 1230153,Dehidrasi,Vaksinasi,2023-12-23,240000
63,2022-07-09,KX 1230123,Pusing,Vaksinasi,2022-07-12,240000
64,2023-09-11,KX 1230145,Keseleo,Pengobatan,2023-09-14,290000
65,2023-06-03,KX 1230167,Keseleo,Pemasangan infus,2023-06-06,265000
66,2023-01-18,KX 1230154,Dehidrasi,Vaksinasi,2023-01-21,240000
67,2022-07-17,KX 1230161,Pusing,Pengobatan,2022-07-20,290000
68,2022-03-25,KX 1230127,Dehidrasi,Pemasangan infus,2022-03-28,265000
69,2023-04-19,KX 1230156,Dehidrasi,Vaksinasi,2023-04-22,240000
70,2022-05-02,KX 1230125,Pusing,Pengobatan,2022-05-05,290000
71,2023-05-11,KX 1230125,Masuk Angin,Vaksinasi,2023-05-14,240000
72,2023-06-17,KX 1230153,Pusing,Vaksinasi,2023-06-20,240000
73,2023-04-18,KX 1230147,Dehidrasi,Pengobatan,2023-04-21,290000
74,2022-04-10,KX 1230150,Keseleo,Vaksinasi,2022-04-13,240000
75,2022-08-12,KX 1230141,Masuk Angin,Cek gula darah,2022-08-15,165000
