"No","Nama Lengkap","Alamat","Kota","Tempat Lahir","Tanggal Lahir","Umur (th)","No BPJS","ID Pasien"
"1","Aris Suwito","Jl. Satu No.14","Kota Bandung","Kab. Mojokerto","1 Januari 1980","44","1234567890","KX 1230123"
"2","Wawan Gunawan","Jl Dua No.3","Kab. Bandung","Kota Cirebon","14 Desember 1979","44","1234567891","KX 1230124"
"3","Nyoman Sukiadi","Jl Lima No.13","Kab. Bogor","Kab. Probolinggo","2 Maret 1975","49","1234567892","KX 1230125"
"4","Ketut Gelgel","Jl Tujuh No.1","Kab. Karawang","Kota Magelang","8 Juni 1984","39","1234567893","KX 1230126"
"5","Wayan Suanda","Jl Satu No.1","Kab. Cianjur","Kab. Tasikmalaya","12 Mei 1985","39","1234567894","KX 1230127"
"6","Gede Darsana","Jl Lima No.10","Kota Tasikmalaya","Kab. Kediri","13 Juni 1984","39","1234567895","KX 1230128"
"7","Komang Ranten","Jl Depalan No.19","Kab. Cirebon","Kab. Pekalongan","30 Juli 1977","46","1234567896","KX 1230129"
"8","I Ketut Dana","Jl Lima No.9","Kab. Bogor","Kab. Semarang","29 Januari 1983","41","1234567897","KX 1230130"
"9","Nengah Widiarta","Jl Lima No.15","Kota Cirebon","Kab. Ciamis","20 Juli 1985","38","1234567898","KX 1230131"
"10","Putu Wirnata","Jl Tiga No.7","Kab. Cirebon","Kab. Jember","28 Juni 1979","44","1234567899","KX 1230132"
"11","Made Sukrata","Jl Sepuluh No.18","Kab. Ciamis","Kab. Sidoarjo","28-Sep-81","42","1234567900","KX 1230133"
"12","Nyoman Landuh","Jl Tiga No.17","Kota Cimahi","Kab. Purwakarta","6-Apr-78","46","1234567901","KX 1230134"
"13","Gede Sardi","Jl Sepuluh No.4","Kab. Pangandaran","Kab. Blora","30 Oktober 1977","46","1234567902","KX 1230135"
"14","Komang Sumadi","Jl Dua No.4","Kota Sukabumi","Kab. Kebumen","14 Januari 1983","41","1234567903","KX 1230136"
"15","Nengah Kajanan","Jl Dua No.10","Kota Banjar","Kab. Kebumen","16 Mei 1976","48","1234567904","KX 1230137"
"16","Wayan Belasin","Jl Sembilan No.16","Kab. Sumedang","Kab. Bandung Barat","11-Sep-83","40","1234567905","KX 1230138"
"17","Nengah Rinti","Jl Sembilan No.16","Kota Cirebon","Kota Bekasi","3 Agustus 1976","47","1234567906","KX 1230139"
"18","Gede Ngurah Arianta","Jl Depalan No.2","Kab. Kuningan","Kab. Cirebon","21 Mei 1981","43","1234567907","KX 1230140"
"19","Wayan Kisid","Jl Sepuluh No.4","Kota Cirebon","Kota Bogor","8 Januari 1977","47","1234567908","KX 1230141"
"20","Luh Alit","Jl Sembilan No.20","Kota Sukabumi","Kab. Pekalongan","6 Desember 1980","43","1234567909","KX 1230142"
"21","I Komang Rediartana","Jl Tiga No.19","Kota Cirebon","Kab. Wonogiri","21-Apr-83","41","1234567910","KX 1230143"
"22","Komang Rediasa","Jl Tujuh No.15","Kab. Subang","Kab. Purwakarta","10 Januari 1975","49","1234567911","KX 1230144"
"23","Wayan Gitong","Jl Tujuh No.5","Kab. Kuningan","Kab. Probolinggo","4 Maret 1976","48","1234567912","KX 1230145"
"24","Nyoman Widiasa","Jl Satu No.19","Kota Bogor","Kab. Pati","27 Juni 1983","40","1234567913","KX 1230146"
"25","Nyoman Daging","Jl Tiga No.16","Kota Cimahi","Kota Surakarta","20 Juni 1984","39","1234567914","KX 1230147"
"26","Nengah Landep","Jl Tujuh No.17","Kab. Tasikmalaya","Kab. Subang","19 Oktober 1985","38","1234567915","KX 1230148"
"27","Gede Maliada","Jl Satu No.7","Kab. Cirebon","Kab. Kediri","1 Juli 1985","38","1234567916","KX 1230149"
"28","Nengah Astawa","Jl Lima No.20","Kab. Indramayu","Kota Tegal","16-Sep-83","40","1234567917","KX 1230150"
"29","Wayan Parti Yasa","Jl Sembilan No.16","Kota Depok","Kab. Purwakarta","10-Nov-76","47","1234567918","KX 1230151"
"30","I Wayan Norsi","Jl Sembilan No.19","Kab. Cianjur","Kab. Bogor","26-Nov-80","43","1234567919","KX 1230152"
"31","Nyoman Gelgel","Jl Enam No.10","Kota Banjar","Kab. Jombang","24 Oktober 1982","41","1234567920","KX 1230153"
"32","I Gede Ardana","Jl Enam No.8","Kota Cimahi","Kab. Pasuruan","1-Sep-76","47","1234567921","KX 1230154"
"33","Kadek Diarta","Jl Enam No.2","Kota Tasikmalaya","Kab. Tasikmalaya","6 Juni 1979","44","1234567922","KX 1230155"
"34","Gede Sujana","Jl Enam No.14","Kota Cimahi","Kota Kediri","12 Januari 1977","47","1234567923","KX 1230156"
"35","Gede Siki","Jl Lima No.3","Kab. Kuningan","Kab. Ponorogo","13 Juni 1980","43","1234567924","KX 1230157"
"36","I Made Mahardana","Jl Sembilan No.4","Kab. Bekasi","Kab. Tuban","23 Agustus 1985","38","1234567925","KX 1230158"
"37","Gede Suriada","Jl Lima No.1","Kota Bandung","Kab. Sumedang","2 Juni 1985","38","1234567926","KX 1230159"
"38","I Ketut Sumartana","Jl Tiga No.19","Kab. Karawang","Kab. Cilacap","12 Maret 1978","46","1234567927","KX 1230160"
"39","I Gede Oka","Jl Enam No.5","Kab. Cianjur","Kota Surabaya","16-Sep-79","44","1234567928","KX 1230161"
"40","Ketut Laba","Jl Sembilan No.3","Kab. Bandung","Kab. Majalengka","27-Sep-81","42","1234567929","KX 1230162"
"41","Ketut Suardika","Jl Satu No.4","Kab. Garut","Kab. Subang","29 Mei 1981","43","1234567930","KX 1230163"
"42","Kadek Budi Arta Yasa","Jl Tujuh No.16","Kab. Purwakarta","Kab. Jepara","19 Desember 1980","43","1234567931","KX 1230164"
"43","I Ketut Switra","Jl Tiga No.14","Kab. Sumedang","Kab. Tulungagung","30 Mei 1980","44","1234567932","KX 1230165"
"44","Komang Ngurah Mahardika","Jl Sepuluh No.13","Kab. Bekasi","Kab. Wonogiri","6-Apr-84","40","1234567933","KX 1230166"
"45","Gede Budi Arta","Jl Tiga No.13","Kab. Bogor","Kab. Gresik","24 Juni 1979","44","1234567934","KX 1230167"
"46","Kadek Ngurah Arjana","Jl Sepuluh No.20","Kota Depok","Kota Bekasi","24-Apr-80","44","1234567935","KX 1230168"
"47","Gede Semara Jaya","Jl Depalan No.19","Kota Depok","Kota Bogor","24 Agustus 1980","43","1234567936","KX 1230169"
"48","Ketut Budiarta","Jl Satu No.6","Kab. Pangandaran","Kab. Jepara","17 Desember 1980","43","1234567937","KX 1230170"
"49","I Gede Widana","Jl Enam No.14","Kab. Purwakarta","Kab. Bondowoso","27 Oktober 1983","40","1234567938","KX 1230171"
"50","Ketut Widarma","Jl Empat No.6","Kab. Cirebon","Kab. Tuban","7 Juni 1982","41","1234567939","KX 1230172"
